{
	"Targets": [
		{
			"Name": "DotNetPerforceLib",
			"Path": "..\\..\\..\\..\\Engine\\UE_5.4\\Engine\\Source\\Programs\\Shared\\EpicGames.Perforce.Native\\DotNetPerforceLib.Target.cs",
			"Type": "Program"
		},
		{
			"Name": "EventLoopUnitTests",
			"Path": "..\\..\\..\\..\\Engine\\UE_5.4\\Engine\\Source\\Runtime\\Online\\Experimental\\EventLoopTests\\EventLoopUnitTests.Target.cs",
			"Type": "Program"
		},
		{
			"Name": "UnrealEditor",
			"Path": "..\\..\\..\\..\\Engine\\UE_5.4\\Engine\\Source\\UnrealEditor.Target.cs",
			"Type": "Editor"
		},
		{
			"Name": "UnrealGame",
			"Path": "..\\..\\..\\..\\Engine\\UE_5.4\\Engine\\Source\\UnrealGame.Target.cs",
			"Type": "Game"
		}
	]
}