{
	"version": 1,
	"changelists": [
		{
			"guid": "00000000000000000000000000000000",
			"description": "Default Uncontrolled Changelist",
			"files": [
				"S:/Unreal/Projects/UE5/Eyes/Content/Common/Eyeball/M_Flat_Iris_inst.uasset",
				"S:/Unreal/Projects/UE5/Eyes/Content/EyeGallery_map_HLOD0_Instancing.uasset",
				"S:/Unreal/Projects/UE5/Eyes/Content/__ExternalActors__/EyeGallery_map/2/C7/6FGINUXVESQ786S88MTM9R.uasset",
				"S:/Unreal/Projects/UE5/Eyes/Content/__ExternalObjects__/EyeGallery_map/E/W3/X5W0Y1E9PXX5OAAR8WX22M.uasset",
				"S:/Unreal/Projects/UE5/Eyes/Content/__ExternalObjects__/EyeGallery_map/A/FK/UIDU6DOM8S8L5134QCIC83.uasset",
				"S:/Unreal/Projects/UE5/Eyes/Content/__ExternalObjects__/EyeGallery_map/1/IN/2NE65ZSE9JC7SIHKE28V0W.uasset",
				"S:/Unreal/Projects/UE5/Eyes/Content/__ExternalObjects__/EyeGallery_map/3/5I/S5IVDT3TI90JRRA80J13RD.uasset",
				"S:/Unreal/Projects/UE5/Eyes/Content/__ExternalObjects__/EyeGallery_map/2/QM/LPO9TNP4HSMCTUFUPT4P8P.uasset",
				"S:/Unreal/Projects/UE5/Eyes/Content/__ExternalObjects__/EyeGallery_map/0/3Z/2SMA2G0JWK7KEDICYSX94I.uasset",
				"S:/Unreal/Projects/UE5/Eyes/Content/__ExternalActors__/EyeGallery_map/0/K2/571698UN3BPTR7O2LOQUOH.uasset",
				"S:/Unreal/Projects/UE5/Eyes/Content/__ExternalActors__/EyeGallery_map/C/AU/0ODYCG7KU2LH13SWVUDICK.uasset",
				"S:/Unreal/Projects/UE5/Eyes/Content/__ExternalActors__/EyeGallery_map/0/NJ/33S1GB462O1X8A4KCI0TA9.uasset",
				"S:/Unreal/Projects/UE5/Eyes/Content/__ExternalActors__/EyeGallery_map/F/2S/BT8DPSZTBS4N05X6UAX49I.uasset",
				"S:/Unreal/Projects/UE5/Eyes/Content/__ExternalActors__/EyeGallery_map/7/53/97LBCIVEMKYCEN98XIXQFJ.uasset",
				"S:/Unreal/Projects/UE5/Eyes/Content/__ExternalActors__/EyeGallery_map/D/LB/M3OP1LLMQGCR5A49GT0H1G.uasset",
				"S:/Unreal/Projects/UE5/Eyes/Content/__ExternalActors__/EyeGallery_map/C/2Y/XGB09EOD7CR5Y7GYVGCO59.uasset",
				"S:/Unreal/Projects/UE5/Eyes/Content/__ExternalActors__/EyeGallery_map/6/CJ/RQ7ZTX0G307BU7V4YKGBPS.uasset",
				"S:/Unreal/Projects/UE5/Eyes/Content/__ExternalActors__/EyeGallery_map/D/NM/SMIQLGZPUWRUEJUUMDVFBV.uasset",
				"S:/Unreal/Projects/UE5/Eyes/Content/__ExternalActors__/EyeGallery_map/1/NZ/CK7QIHZV1AIUCUTVRC71L0.uasset",
				"S:/Unreal/Projects/UE5/Eyes/Content/__ExternalActors__/EyeGallery_map/4/V3/CIFHOTPJ97KZDGW2ERYP5C.uasset",
				"S:/Unreal/Projects/UE5/Eyes/Content/__ExternalActors__/EyeGallery_map/2/00/JIIAQ11Q9NPZ14ICROD8W6.uasset",
				"S:/Unreal/Projects/UE5/Eyes/Content/__ExternalActors__/EyeGallery_map/2/PD/QSHICI4C2VYXT4FP7NQOW6.uasset",
				"S:/Unreal/Projects/UE5/Eyes/Content/__ExternalActors__/EyeGallery_map/D/PP/3UWZC4UD4LX83SH9E8ZOKT.uasset",
				"S:/Unreal/Projects/UE5/Eyes/Content/__ExternalActors__/EyeGallery_map/7/GP/SGGVM0C7M5J5SLPNFKENZ9.uasset",
				"S:/Unreal/Projects/UE5/Eyes/Content/__ExternalActors__/EyeGallery_map/9/AA/ZY7P743RJ1C9U3BFKFLGOW.uasset",
				"S:/Unreal/Projects/UE5/Eyes/Content/__ExternalActors__/EyeGallery_map/B/LT/HF5228Q79KPJU2DSLC8SBI.uasset",
				"S:/Unreal/Projects/UE5/Eyes/Content/__ExternalActors__/EyeGallery_map/0/TP/4V9OW41BAXZ5LNYH1ZTHOC.uasset",
				"S:/Unreal/Projects/UE5/Eyes/Content/__ExternalActors__/EyeGallery_map/D/20/F4R7HZA4VDC9AZOG7DS33S.uasset",
				"S:/Unreal/Projects/UE5/Eyes/Content/__ExternalActors__/EyeGallery_map/C/NV/M423WS5UNT9ZEDRHKUJGC9.uasset",
				"S:/Unreal/Projects/UE5/Eyes/Content/__ExternalActors__/EyeGallery_map/C/L2/74XZLXSCOJ1MHW8WSA0JCM.uasset",
				"S:/Unreal/Projects/UE5/Eyes/Content/__ExternalActors__/EyeGallery_map/C/1D/TLIVJN905TD2LGM70RG5K0.uasset",
				"S:/Unreal/Projects/UE5/Eyes/Content/__ExternalActors__/EyeGallery_map/B/PQ/C36DYTRHOF02W5F6YZ1P04.uasset",
				"S:/Unreal/Projects/UE5/Eyes/Content/__ExternalActors__/EyeGallery_map/A/UI/TF6ZOCE5F95AQYLZUUQCXR.uasset",
				"S:/Unreal/Projects/UE5/Eyes/Content/__ExternalActors__/EyeGallery_map/8/VI/YZG87D56IUB3V20N3F109E.uasset",
				"S:/Unreal/Projects/UE5/Eyes/Content/__ExternalActors__/EyeGallery_map/E/5C/6PA2V8UODWBHZJZM1RZX44.uasset",
				"S:/Unreal/Projects/UE5/Eyes/Content/__ExternalActors__/EyeGallery_map/A/YL/PVNB9HCX3T2UA38EKNHJIC.uasset",
				"S:/Unreal/Projects/UE5/Eyes/Content/__ExternalActors__/EyeGallery_map/4/NH/9TNGGWIR7RMSYT420XCKOK.uasset",
				"S:/Unreal/Projects/UE5/Eyes/Content/__ExternalActors__/EyeGallery_map/5/W7/TGQMTSGSQKN019AJKH5YRV.uasset",
				"S:/Unreal/Projects/UE5/Eyes/Content/__ExternalActors__/EyeGallery_map/7/DC/YW4NK1G1BEC5RF958RET4T.uasset",
				"S:/Unreal/Projects/UE5/Eyes/Content/__ExternalActors__/EyeGallery_map/2/BA/02QXLU3XLNYJU5TT4SVCT3.uasset",
				"S:/Unreal/Projects/UE5/Eyes/Content/__ExternalActors__/EyeGallery_map/2/JG/JGQX2LM39S2IOR0CDY4AGR.uasset",
				"S:/Unreal/Projects/UE5/Eyes/Content/__ExternalActors__/EyeGallery_map/8/QZ/QJJ3FZ7GU72WYXJKBGSG0P.uasset",
				"S:/Unreal/Projects/UE5/Eyes/Content/__ExternalActors__/EyeGallery_map/4/24/GHAPSE202FT7PFD6YHAPCQ.uasset",
				"S:/Unreal/Projects/UE5/Eyes/Content/__ExternalActors__/EyeGallery_map/4/KU/BQB07ZD1MVX7E1ZZBH0Y9H.uasset",
				"S:/Unreal/Projects/UE5/Eyes/Content/__ExternalActors__/EyeGallery_map/7/MD/OE369P4AMF8O6TD8I30BTP.uasset",
				"S:/Unreal/Projects/UE5/Eyes/Content/__ExternalActors__/EyeGallery_map/E/L6/XPJJ4MDC1ASXWXB9IJIBE1.uasset",
				"S:/Unreal/Projects/UE5/Eyes/Content/__ExternalActors__/EyeGallery_map/A/SK/CDCR2VPBQKIXJ403UGQSAW.uasset",
				"S:/Unreal/Projects/UE5/Eyes/Content/__ExternalActors__/EyeGallery_map/7/DX/VROQFOMN2WPNQW95OLPE53.uasset",
				"S:/Unreal/Projects/UE5/Eyes/Content/__ExternalActors__/EyeGallery_map/3/CE/MA5CUTUH6NUQ9FKJYK6QXG.uasset",
				"S:/Unreal/Projects/UE5/Eyes/Content/__ExternalActors__/EyeGallery_map/2/MQ/FLCI9S80I38BYY8LX628L1.uasset",
				"S:/Unreal/Projects/UE5/Eyes/Content/__ExternalActors__/EyeGallery_map/0/V3/PZGDUDYCDZKN5QNYCIAFKR.uasset",
				"S:/Unreal/Projects/UE5/Eyes/Content/__ExternalActors__/EyeGallery_map/0/SY/P2AGTWMIRBIK8FDAMT6CT4.uasset",
				"S:/Unreal/Projects/UE5/Eyes/Content/__ExternalActors__/EyeGallery_map/7/8O/SJOO4VJZSZM8QD03QUXXUK.uasset",
				"S:/Unreal/Projects/UE5/Eyes/Content/__ExternalActors__/EyeGallery_map/5/PC/1U3YZ60UHC4GBBRCYFVLW8.uasset",
				"S:/Unreal/Projects/UE5/Eyes/Content/__ExternalActors__/EyeGallery_map/0/HD/84E7CP43MA18G1JIXTPQ4N.uasset",
				"S:/Unreal/Projects/UE5/Eyes/Content/__ExternalActors__/EyeGallery_map/5/DF/27PWY1DJ4QF2GCVHXGOYR5.uasset",
				"S:/Unreal/Projects/UE5/Eyes/Content/__ExternalActors__/EyeGallery_map/3/X5/XY34MIY371DLTKDZIFML9H.uasset",
				"S:/Unreal/Projects/UE5/Eyes/Content/__ExternalActors__/EyeGallery_map/8/Y4/XN2BHPBYTJAKALM4NPIMUQ.uasset",
				"S:/Unreal/Projects/UE5/Eyes/Content/__ExternalActors__/EyeGallery_map/6/QO/55JVG4UDSUW5QO6UWRLQLC.uasset",
				"S:/Unreal/Projects/UE5/Eyes/Content/__ExternalActors__/EyeGallery_map/3/VM/93O57LD4BLK1G4M8XL8EME.uasset",
				"S:/Unreal/Projects/UE5/Eyes/Content/__ExternalActors__/EyeGallery_map/A/OW/J1IHHZP3J0NLACWHC1OHEO.uasset",
				"S:/Unreal/Projects/UE5/Eyes/Content/__ExternalActors__/EyeGallery_map/4/71/MQWOUCUIAM5MKFKG0J2RVX.uasset",
				"S:/Unreal/Projects/UE5/Eyes/Content/__ExternalActors__/EyeGallery_map/E/EY/TDDMHR7CCRQGV90Y5VDBLZ.uasset",
				"S:/Unreal/Projects/UE5/Eyes/Content/__ExternalActors__/EyeGallery_map/D/U6/3VHUY924MH5S6A1PJLLQB9.uasset",
				"S:/Unreal/Projects/UE5/Eyes/Content/__ExternalActors__/EyeGallery_map/D/JS/8TC2AWRGQ8UHOU5W2T3DMX.uasset",
				"S:/Unreal/Projects/UE5/Eyes/Content/__ExternalActors__/EyeGallery_map/8/CH/HSPYL6MZJG8SZ7N0GO825G.uasset",
				"S:/Unreal/Projects/UE5/Eyes/Content/__ExternalActors__/EyeGallery_map/4/JN/1VLQWXQBMQYPOBZPJGG2GT.uasset",
				"S:/Unreal/Projects/UE5/Eyes/Content/__ExternalActors__/EyeGallery_map/5/L8/PIL5WY6UHN4LLBXH5MCEAQ.uasset",
				"S:/Unreal/Projects/UE5/Eyes/Content/__ExternalActors__/EyeGallery_map/3/E3/JMPSP58I2QKXZGI1KL2W1K.uasset",
				"S:/Unreal/Projects/UE5/Eyes/Content/__ExternalActors__/EyeGallery_map/5/ME/T7FI18SJDH86IGU5SNARGG.uasset",
				"S:/Unreal/Projects/UE5/Eyes/Content/__ExternalActors__/EyeGallery_map/6/6W/HU88SBI5ZKHCRFZN2YIK6S.uasset",
				"S:/Unreal/Projects/UE5/Eyes/Content/__ExternalActors__/EyeGallery_map/4/Y1/AP8JKO48RRNGH1WXRAQUHI.uasset",
				"S:/Unreal/Projects/UE5/Eyes/Content/__ExternalActors__/EyeGallery_map/C/76/6WX3KKJ8CM0OFNDRXEAHZ1.uasset",
				"S:/Unreal/Projects/UE5/Eyes/Content/__ExternalActors__/EyeGallery_map/8/P2/JZXO2TVVHJIIBGPL9DO02M.uasset",
				"S:/Unreal/Projects/UE5/Eyes/Content/__ExternalActors__/EyeGallery_map/3/3G/RN9KEJE27GNBRGK9TA12FC.uasset",
				"S:/Unreal/Projects/UE5/Eyes/Content/__ExternalActors__/EyeGallery_map/4/XR/Z0MB24PHWRZ4DDKUPVL2CP.uasset",
				"S:/Unreal/Projects/UE5/Eyes/Content/__ExternalActors__/EyeGallery_map/0/W5/D4GHHUCGHM78YHY5XGXQS2.uasset",
				"S:/Unreal/Projects/UE5/Eyes/Content/__ExternalActors__/EyeGallery_map/B/SZ/KNAUDMWDAHINQS03I70FED.uasset",
				"S:/Unreal/Projects/UE5/Eyes/Content/__ExternalActors__/EyeGallery_map/1/NA/CAMD2AKZG6XZ7DVFPKOO04.uasset",
				"S:/Unreal/Projects/UE5/Eyes/Content/__ExternalActors__/EyeGallery_map/6/NB/6I2IFY5XK5WQHRKTSRRHVW.uasset",
				"S:/Unreal/Projects/UE5/Eyes/Content/__ExternalActors__/EyeGallery_map/6/WR/14YSB0L3QZP7E37YV83PK0.uasset",
				"S:/Unreal/Projects/UE5/Eyes/Content/__ExternalActors__/EyeGallery_map/E/LP/BNJPIJ2KK5ROR6BFTTL3UT.uasset",
				"S:/Unreal/Projects/UE5/Eyes/Content/__ExternalActors__/EyeGallery_map/4/UB/Y7M9TGHKFVYO0I4SW27FM3.uasset",
				"S:/Unreal/Projects/UE5/Eyes/Content/__ExternalActors__/EyeGallery_map/2/Z6/04U9NPD96LUDFYWZU7R7O3.uasset",
				"S:/Unreal/Projects/UE5/Eyes/Content/__ExternalActors__/EyeGallery_map/0/IL/OIZFRTG4QLMKYVNNKUNGCU.uasset",
				"S:/Unreal/Projects/UE5/Eyes/Content/__ExternalActors__/EyeGallery_map/A/R9/MXNCJTO5BW1JFOLGCBUGLA.uasset",
				"S:/Unreal/Projects/UE5/Eyes/Content/__ExternalActors__/EyeGallery_map/2/H8/LFGU3MT12KBBG0XPB2ZVBS.uasset",
				"S:/Unreal/Projects/UE5/Eyes/Content/__ExternalActors__/EyeGallery_map/9/9K/VI1AO0JM4T7N9HDB17OXKA.uasset",
				"S:/Unreal/Projects/UE5/Eyes/Content/__ExternalActors__/EyeGallery_map/7/GE/X36F6YV1YFR7TW30IE0LHA.uasset",
				"S:/Unreal/Projects/UE5/Eyes/Content/__ExternalActors__/EyeGallery_map/7/GY/QBWYFF5PTJ9Z9A3J1R80OY.uasset",
				"S:/Unreal/Projects/UE5/Eyes/Content/__ExternalActors__/EyeGallery_map/2/1J/VMA5XIIHFULMCZEGJKQTGF.uasset",
				"S:/Unreal/Projects/UE5/Eyes/Content/__ExternalActors__/EyeGallery_map/C/6K/2K6JLIC8L9VKWV03R5U02Y.uasset",
				"S:/Unreal/Projects/UE5/Eyes/Content/__ExternalActors__/EyeGallery_map/E/JQ/0DUJFAGPKD2EQ6GT784OQ0.uasset",
				"S:/Unreal/Projects/UE5/Eyes/Content/__ExternalActors__/EyeGallery_map/1/26/ZETBNOYQ4OXR3A8ESZX7P6.uasset",
				"S:/Unreal/Projects/UE5/Eyes/Content/__ExternalActors__/EyeGallery_map/5/6D/BKWVNBQE1USGI7VYC19MP7.uasset",
				"S:/Unreal/Projects/UE5/Eyes/Content/__ExternalActors__/EyeGallery_map/A/DX/7I5LIQ182HTLL6DJUM13FA.uasset",
				"S:/Unreal/Projects/UE5/Eyes/Content/__ExternalActors__/EyeGallery_map/E/1R/3VBFOEWTXR86IQUIXI7OC0.uasset",
				"S:/Unreal/Projects/UE5/Eyes/Content/__ExternalActors__/EyeGallery_map/D/0Y/6Z7FF06FGH6VFRMQOBSON0.uasset",
				"S:/Unreal/Projects/UE5/Eyes/Content/__ExternalActors__/EyeGallery_map/C/AA/FY1XC0E1K96EIRETTS2PI0.uasset",
				"S:/Unreal/Projects/UE5/Eyes/Content/__ExternalActors__/EyeGallery_map/2/A0/JBDWU7Q384N0L5U61TA4K9.uasset",
				"S:/Unreal/Projects/UE5/Eyes/Content/__ExternalActors__/EyeGallery_map/7/S2/D2YS18W3VBYAAKYU0ZBDXX.uasset",
				"S:/Unreal/Projects/UE5/Eyes/Content/__ExternalActors__/EyeGallery_map/A/8T/S61PEALW2TQVDF4FAVZWA2.uasset",
				"S:/Unreal/Projects/UE5/Eyes/Content/__ExternalActors__/EyeGallery_map/5/6L/X1CQXAYLZ9TEFUGRBWFKJ4.uasset",
				"S:/Unreal/Projects/UE5/Eyes/Content/__ExternalActors__/EyeGallery_map/0/4V/A2N72ZODSVP3915DXX559U.uasset",
				"S:/Unreal/Projects/UE5/Eyes/Content/__ExternalActors__/EyeGallery_map/0/OB/LDGCBJJCHD049K0VSDR3J3.uasset",
				"S:/Unreal/Projects/UE5/Eyes/Content/__ExternalActors__/EyeGallery_map/2/IF/QFAMS08D44Y5PMQTDTKRMP.uasset",
				"S:/Unreal/Projects/UE5/Eyes/Content/__ExternalActors__/EyeGallery_map/0/TD/94UJS6MSB5HWPFR0JZ58PY.uasset",
				"S:/Unreal/Projects/UE5/Eyes/Content/__ExternalActors__/EyeGallery_map/B/I8/XXPU75EX449IMXW7MNINXB.uasset",
				"S:/Unreal/Projects/UE5/Eyes/Content/__ExternalActors__/EyeGallery_map/A/Q6/OIBLKC9Z2T8MHOWU6VTG2D.uasset",
				"S:/Unreal/Projects/UE5/Eyes/Content/__ExternalActors__/EyeGallery_map/3/80/XZXY3KDQF6W0TIWL3XDVJH.uasset",
				"S:/Unreal/Projects/UE5/Eyes/Content/__ExternalActors__/EyeGallery_map/8/5R/4ZENTZVAZ4PH8VEF4IYMVL.uasset",
				"S:/Unreal/Projects/UE5/Eyes/Content/__ExternalActors__/EyeGallery_map/9/I7/V1WGONR0WB6W85GHDA3U5S.uasset",
				"S:/Unreal/Projects/UE5/Eyes/Content/__ExternalActors__/EyeGallery_map/5/SP/I6LZQS2EFSF5S8DBHOQ402.uasset",
				"S:/Unreal/Projects/UE5/Eyes/Content/__ExternalActors__/EyeGallery_map/8/OW/OODKZVDE3UG8DGLRYNAG83.uasset",
				"S:/Unreal/Projects/UE5/Eyes/Content/__ExternalActors__/EyeGallery_map/B/FJ/YJR3DPETWWHQ895KSWKMM3.uasset",
				"S:/Unreal/Projects/UE5/Eyes/Content/__ExternalActors__/EyeGallery_map/0/8B/DX9606QEE2KFA0JBF9PQCN.uasset",
				"S:/Unreal/Projects/UE5/Eyes/Content/__ExternalActors__/EyeGallery_map/D/CH/91DF5WVCHGMEI6YHGKT1VM.uasset",
				"S:/Unreal/Projects/UE5/Eyes/Content/__ExternalActors__/EyeGallery_map/9/CE/V063J827WOHKBAH3X1N6VM.uasset",
				"S:/Unreal/Projects/UE5/Eyes/Content/__ExternalActors__/EyeGallery_map/5/22/XOW49Z8Y3F7F2RY8HQGMGL.uasset",
				"S:/Unreal/Projects/UE5/Eyes/Content/__ExternalActors__/EyeGallery_map/B/43/0XLCDCTUJ54BAKCELVKO2Q.uasset",
				"S:/Unreal/Projects/UE5/Eyes/Content/__ExternalActors__/EyeGallery_map/1/Z0/VGKVRZY14P119QTX3L8112.uasset",
				"S:/Unreal/Projects/UE5/Eyes/Content/__ExternalActors__/EyeGallery_map/C/GA/OZA6P72PZZIQ472YPPAX0I.uasset",
				"S:/Unreal/Projects/UE5/Eyes/Content/__ExternalActors__/EyeGallery_map/3/VI/VB2JQQ4262WK6ZCKOPUS4D.uasset",
				"S:/Unreal/Projects/UE5/Eyes/Content/__ExternalActors__/EyeGallery_map/A/J9/BQVLZDJ6WNXE3IQUGGSAKY.uasset",
				"S:/Unreal/Projects/UE5/Eyes/Content/__ExternalActors__/EyeGallery_map/4/IY/5N0CLHS6O3OII940QD4WEW.uasset",
				"S:/Unreal/Projects/UE5/Eyes/Content/__ExternalActors__/EyeGallery_map/E/AG/JPKQZPPBETABENXTX09NOY.uasset",
				"S:/Unreal/Projects/UE5/Eyes/Content/__ExternalActors__/EyeGallery_map/0/JG/B1AJ9113UL8838AL971B7S.uasset",
				"S:/Unreal/Projects/UE5/Eyes/Content/__ExternalActors__/EyeGallery_map/2/CN/NEGVNXRZKC1YI7YQNN1AKI.uasset",
				"S:/Unreal/Projects/UE5/Eyes/Content/__ExternalActors__/EyeGallery_map/7/QI/SAQABSU7OXQ93WFGPIGPCH.uasset",
				"S:/Unreal/Projects/UE5/Eyes/Content/__ExternalActors__/EyeGallery_map/E/IF/KB3W84LYVMZ4WLPFUXDFAM.uasset",
				"S:/Unreal/Projects/UE5/Eyes/Content/__ExternalActors__/EyeGallery_map/5/J2/PG89GCG41J0C1Z3O4VIX99.uasset",
				"S:/Unreal/Projects/UE5/Eyes/Content/__ExternalActors__/EyeGallery_map/3/IB/E2GRQSMZ8BNL03LFFBND8J.uasset",
				"S:/Unreal/Projects/UE5/Eyes/Content/__ExternalActors__/EyeGallery_map/0/GZ/5AFQ7A4UAR07FDTDTEWURB.uasset",
				"S:/Unreal/Projects/UE5/Eyes/Content/__ExternalActors__/EyeGallery_map/1/W7/DJBM89YJPB4G6MMQT1EOXM.uasset",
				"S:/Unreal/Projects/UE5/Eyes/Content/__ExternalActors__/EyeGallery_map/7/WC/FYB9NNIOSQJ3A5HFVUMO97.uasset",
				"S:/Unreal/Projects/UE5/Eyes/Content/__ExternalActors__/EyeGallery_map/E/EP/43Y61Z1X6GQU3GK8XBN791.uasset",
				"S:/Unreal/Projects/UE5/Eyes/Content/__ExternalActors__/EyeGallery_map/8/QE/IX0R9A47K6R1IURKAA132T.uasset",
				"S:/Unreal/Projects/UE5/Eyes/Content/__ExternalActors__/EyeGallery_map/4/RI/528KM5653H745K4XJHOHA6.uasset",
				"S:/Unreal/Projects/UE5/Eyes/Content/__ExternalActors__/EyeGallery_map/C/5T/KMSDXZJTMCPBJ8O4S0D8U9.uasset",
				"S:/Unreal/Projects/UE5/Eyes/Content/__ExternalActors__/EyeGallery_map/A/HX/1LER728EB1UYYCCTZEWKS2.uasset",
				"S:/Unreal/Projects/UE5/Eyes/Content/__ExternalActors__/EyeGallery_map/7/1F/EWFRB9UJHTJVZ6UDQ83KSD.uasset",
				"S:/Unreal/Projects/UE5/Eyes/Content/__ExternalActors__/EyeGallery_map/B/L3/439NOQ1EH45WW8UBVM0RZF.uasset",
				"S:/Unreal/Projects/UE5/Eyes/Content/__ExternalActors__/EyeGallery_map/2/3N/AZEDMY1KFFS40SET9R0BL0.uasset",
				"S:/Unreal/Projects/UE5/Eyes/Content/__ExternalActors__/EyeGallery_map/7/FZ/LP9QSVFZ77ORHXEVH3XWDX.uasset",
				"S:/Unreal/Projects/UE5/Eyes/Content/__ExternalActors__/EyeGallery_map/E/TW/LYS6IEK7TP8PHFL1H44B9P.uasset",
				"S:/Unreal/Projects/UE5/Eyes/Content/__ExternalActors__/EyeGallery_map/D/SO/8RAHG9HBDRQVNWC77ID535.uasset",
				"S:/Unreal/Projects/UE5/Eyes/Content/__ExternalActors__/EyeGallery_map/D/PQ/01HDTFH2GSSQ26T9OD3L4M.uasset",
				"S:/Unreal/Projects/UE5/Eyes/Content/__ExternalActors__/EyeGallery_map/8/9F/ZD7TX6XS521A38F3UWYVDB.uasset",
				"S:/Unreal/Projects/UE5/Eyes/Content/EyeGallery_map.umap",
				"S:/Unreal/Projects/UE5/Eyes/Content/Common/Eyeball/M_Spherical_Iris_inst.uasset",
				"S:/Unreal/Projects/UE5/Eyes/Content/Common/Eyeball/textures/T_Sphere_EYE_NORMALS.uasset",
				"S:/Unreal/Projects/UE5/Eyes/Content/Common/Eyeball/textures/T_EyeMidPlaneDisplacement.uasset",
				"S:/Unreal/Projects/UE5/Eyes/Content/Common/Eyeball/material_functions/HueShift_mtlFn.uasset",
				"S:/Unreal/Projects/UE5/Eyes/Content/Common/Eyeball/material_functions/UV_Scale_mfn.uasset",
				"S:/Unreal/Projects/UE5/Eyes/Content/Common/Eyeball/material_functions/Refractive_Tintable_Eye_mfn.uasset",
				"S:/Unreal/Projects/UE5/Eyes/Content/Common/Eyeball/M_Iris_base.uasset",
				"S:/Unreal/Projects/UE5/Eyes/Content/ExampleUse/SKN_Eyeball.uasset",
				"S:/Unreal/Projects/UE5/Eyes/Content/ExampleUse/SKN_Eyeball_Skeleton.uasset",
				"S:/Unreal/Projects/UE5/Eyes/Content/ExampleUse/SKN_Eyeball_PhysicsAsset.uasset",
				"S:/Unreal/Projects/UE5/Eyes/Content/ExampleUse/ANM_Eyeball_test.uasset",
				"S:/Unreal/Projects/UE5/Eyes/Content/Common/Eyeball/textures/T_Custom_Iris.uasset",
				"S:/Unreal/Projects/UE5/Eyes/Content/Common/Eyeball/M_Plane_Iris_inst.uasset",
				"S:/Unreal/Projects/UE5/Eyes/Content/Common/Eyeball/M_Spherical_Iris_Flat_inst.uasset",
				"S:/Unreal/Projects/UE5/Eyes/Content/Common/Eyeball/M_Planar_Iris_inst.uasset",
				"S:/Unreal/Projects/UE5/Eyes/Content/__ExternalActors__/EyeGallery_map/6/HY/KZKTCSB45TSVZELDZTYJTT.uasset",
				"S:/Unreal/Projects/UE5/Eyes/Content/Common/Eyeball/SM_Eyeball.uasset",
				"S:/Unreal/Projects/UE5/Eyes/Content/Common/Eyeball/M_Flattened_Spherical_Iris_inst.uasset",
				"S:/Unreal/Projects/UE5/Eyes/Content/Common/Eyeball/Material_fns/UV_Scale_mfn.uasset",
				"S:/Unreal/Projects/UE5/Eyes/Content/Common/Eyeball/Material_fns/Refractive_Tintable_Eye_mfn.uasset",
				"S:/Unreal/Projects/UE5/Eyes/Content/Common/Eyeball/Material_fns/HueShift_mtlFn.uasset",
				"S:/Unreal/Projects/UE5/Eyes/Content/Common/Eyeball/Materials/Material_fns/UV_Scale_mfn.uasset",
				"S:/Unreal/Projects/UE5/Eyes/Content/Common/Eyeball/Materials/Material_fns/Refractive_Tintable_Eye_mfn.uasset",
				"S:/Unreal/Projects/UE5/Eyes/Content/Common/Eyeball/Materials/Material_fns/HueShift_mtlFn.uasset",
				"S:/Unreal/Projects/UE5/Eyes/Content/Common/Eyeball/Materials/M_Flat_Iris_inst.uasset",
				"S:/Unreal/Projects/UE5/Eyes/Content/Common/Eyeball/Materials/M_Flattened_Spherical_Iris_inst.uasset",
				"S:/Unreal/Projects/UE5/Eyes/Content/Common/Eyeball/Materials/M_Spherical_Iris_inst.uasset",
				"S:/Unreal/Projects/UE5/Eyes/Content/Common/Eyeball/Materials/M_Iris_base.uasset",
				"S:/Unreal/Projects/UE5/Eyes/Content/Common/Eyeball/Materials/M_Planar_Iris_inst.uasset",
				"S:/Unreal/Projects/UE5/Eyes/Content/__ExternalActors__/EyeGallery_map/8/3A/YGC1D2S7B565MB3IMN3N7P.uasset",
				"S:/Unreal/Projects/UE5/Eyes/Content/__ExternalActors__/EyeGallery_map/1/XI/ZEXNNFX0Z1JPDJCK2RUWW4.uasset",
				"S:/Unreal/Projects/UE5/Eyes/Content/Common/Eyeball/textures/T_Iris_Diffuse.uasset",
				"S:/Unreal/Projects/UE5/Eyes/Content/Common/Eyeball/Iris_M_Inst.uasset",
				"S:/Unreal/Projects/UE5/Eyes/Content/SpaceBoat/Characters/Ion/materials/Iris_M_Inst.uasset",
				"S:/Unreal/Projects/UE5/Eyes/Content/Common/Eyeball/Allen_Iris_T.uasset",
				"S:/Unreal/Projects/UE5/Eyes/Content/Common/Eyeball/FakeEye0_M.uasset",
				"S:/Unreal/Projects/UE5/Eyes/Content/Common/Eyeball/HueShift_mtlFn.uasset",
				"S:/Unreal/Projects/UE5/Eyes/Content/Common/Eyeball/Refractive_Tintable_Eye_mfn.uasset",
				"S:/Unreal/Projects/UE5/Eyes/Content/Common/Eyeball/T_EyeMidPlaneDisplacement.uasset",
				"S:/Unreal/Projects/UE5/Eyes/Content/Common/Eyeball/T_Sphere_EYE_NORMALS.uasset",
				"S:/Unreal/Projects/UE5/Eyes/Content/SpaceBoat/Characters/_Common/FakeEyes/T_Sphere_EYE_NORMALS.uasset",
				"S:/Unreal/Projects/UE5/Eyes/Content/SpaceBoat/Characters/_Common/FakeEyes/T_EyeMidPlaneDisplacement.uasset",
				"S:/Unreal/Projects/UE5/Eyes/Content/SpaceBoat/Characters/_Common/FakeEyes/Refractive_Tintable_Eye_mfn.uasset",
				"S:/Unreal/Projects/UE5/Eyes/Content/SpaceBoat/Characters/_Common/FakeEyes/HueShift_mtlFn.uasset",
				"S:/Unreal/Projects/UE5/Eyes/Content/SpaceBoat/Characters/_Common/FakeEyes/FakeEye0_M.uasset",
				"S:/Unreal/Projects/UE5/Eyes/Content/SpaceBoat/Characters/_Common/FakeEyes/Allen_Iris_T.uasset",
				"S:/Unreal/Projects/UE5/Eyes/Content/Common/Eyeball/Iris_T.uasset",
				"S:/Unreal/Projects/UE5/Eyes/Content/Common/Eyeball/T_Iris_Diffuse.uasset",
				"S:/Unreal/Projects/UE5/Eyes/Content/Common/Eyeball/M_FlatIris_inst.uasset",
				"S:/Unreal/Projects/UE5/Eyes/Content/Common/Eyeball/M_Iris_Refraction.uasset",
				"S:/Unreal/Projects/UE5/Eyes/Content/Common/Eyeball/UV_Scale_mfn.uasset"
			]
		}
	]
}