{
    "Animation": {
        "output": {
            "keyframes": {
                "animCurveTU": 8,
                "animCurveTA": 30,
                "animCurveTL": 4
            },
            "driven": {
                "animCurveTU": {
                    "1": 1
                },
                "animCurveTA": {
                    "1": 3
                },
                "animCurveTL": {
                    "1": 3
                }
            }
        },
        "options": {
            "details": false,
            "summary": false,
            "anonymous": false
        },
        "run_time": 0.01999999999998181
    }
}