{
    "CachePerformance": {
        "output": {
            "baseline": {
                "memory": [
                    65435.31640625,
                    2700.65625
                ],
                "playback": 47.91252485089272,
                "start_frame": 0.0,
                "end_frame": 19.0
            },
            "caching": [
                {
                    "configuration_name": "Evaluation",
                    "configuration": {
                        "name": "cache",
                        "enabled": true,
                        "priority": 1000000,
                        "node_types": [],
                        "consolidation": "each",
                        "plugin": "cacheEvaluator",
                        "plugin_loaded": true,
                        "cache_mode": 3,
                        "fill_mode": "syncAsync",
                        "fill_order": "forwardFromBegin",
                        "hud": 1,
                        "flush_sync": true,
                        "safe_mode": true,
                        "resource_guard": 1,
                        "memory_threshold": 50.0,
                        "prevent_frame_skipping": true,
                        "discard_frames_out_of_range": 0,
                        "dynamics_support_enabled": true,
                        "dynamics_async_refresh": true,
                        "hybrid_cache_mode": "all"
                    },
                    "frames_cached": [
                        [
                            -1,
                            19
                        ]
                    ],
                    "caching_points": 14,
                    "cached_data": {
                        "Total": {
                            "count": 2,
                            "memory": 0.0179291
                        }
                    },
                    "filling_playback": 45.45454545453982,
                    "cached_playback": 48.31013916500802,
                    "fill_time": 0.0,
                    "memory_before_playback": [
                        65435.31640625,
                        2700.65625
                    ],
                    "memory_after_playback": [
                        65435.31640625,
                        2700.6484375
                    ],
                    "evacuation_time": 0.0
                },
                {
                    "configuration_name": "VP2 Software",
                    "configuration": {
                        "name": "cache",
                        "enabled": true,
                        "priority": 1000000,
                        "node_types": [],
                        "consolidation": "each",
                        "plugin": "cacheEvaluator",
                        "plugin_loaded": true,
                        "cache_mode": 4,
                        "fill_mode": "syncOnly",
                        "fill_order": "forwardFromBegin",
                        "hud": 1,
                        "flush_sync": true,
                        "safe_mode": true,
                        "resource_guard": 1,
                        "memory_threshold": 50.0,
                        "prevent_frame_skipping": true,
                        "discard_frames_out_of_range": 0,
                        "dynamics_support_enabled": true,
                        "dynamics_async_refresh": true,
                        "hybrid_cache_mode": "all"
                    },
                    "frames_cached": [
                        [
                            -1,
                            19
                        ]
                    ],
                    "caching_points": 31,
                    "cached_data": {
                        "Total": {
                            "count": 3,
                            "memory": 0.0268936
                        }
                    },
                    "filling_playback": 43.47826086956178,
                    "cached_playback": 47.71371769383508,
                    "fill_time": 0.009999999999763531,
                    "memory_before_playback": [
                        65435.31640625,
                        2700.6484375
                    ],
                    "memory_after_playback": [
                        65435.31640625,
                        2686.91796875
                    ],
                    "evacuation_time": 0.0
                },
                {
                    "configuration_name": "VP2 Hardware",
                    "configuration": {
                        "name": "cache",
                        "enabled": true,
                        "priority": 1000000,
                        "node_types": [],
                        "consolidation": "each",
                        "plugin": "cacheEvaluator",
                        "plugin_loaded": true,
                        "cache_mode": 4,
                        "fill_mode": "syncOnly",
                        "fill_order": "forwardFromBegin",
                        "hud": 1,
                        "flush_sync": true,
                        "safe_mode": true,
                        "resource_guard": 1,
                        "memory_threshold": 50.0,
                        "prevent_frame_skipping": true,
                        "discard_frames_out_of_range": 0,
                        "dynamics_support_enabled": true,
                        "dynamics_async_refresh": true,
                        "hybrid_cache_mode": "all"
                    },
                    "frames_cached": [
                        [
                            -1,
                            19
                        ]
                    ],
                    "caching_points": 31,
                    "cached_data": {
                        "Total": {
                            "count": 3,
                            "memory": 0.0268936
                        }
                    },
                    "filling_playback": 45.45454545453982,
                    "cached_playback": 48.406374501992204,
                    "fill_time": 0.03000000000020009,
                    "memory_before_playback": [
                        65435.31640625,
                        2687.421875
                    ],
                    "memory_after_playback": [
                        65435.31640625,
                        2687.4375
                    ],
                    "evacuation_time": 0.0
                }
            ]
        },
        "options": {
            "details": false,
            "summary": false,
            "anonymous": false
        },
        "run_time": 21.65000000000009
    }
}